{"PosZ":-15.2294855,"PosX":20.809063,"PosY":58.9,"RotY":-544.83325,"RotZ":0.0,"RotX":0.0,"WorldSeed":18}