{"PosZ":-12.2973175,"PosX":10.5437765,"PosY":73.5,"RotY":40.410046,"RotZ":0.0,"RotX":16.649994,"WorldSeed":20}