{"PosZ":-22.52301,"PosX":9.555933,"PosY":73.5,"RotY":120.29998,"RotZ":0.0,"RotX":34.04998,"WorldSeed":30}