{"PosZ":-5.663885,"PosX":16.69878,"PosY":58.9,"RotY":46.379963,"RotZ":0.0,"RotX":0.0,"WorldSeed":11}